cif,Jenis_Kelamin,Umur,Range_Umur,Status_Pernikahan,Gaji,Range_Gaji,Pendidikan,Kota,Tipe_Customer,jumlah_rekening,jumlah_transaksi,jumlah_nominal_transaksi
904238687894877,Perempuan,28,25-34,Married,119927317,>100Jt,S1,Jakarta,Reguler,1,6,31209136
110170787245831,Laki-Laki,27,25-34,Single,96480811,50-100Jt,S1,Medan,Priority,1,3,10291007
287198831176361,Laki-Laki,28,25-34,Single,111637707,>100Jt,S1,Bandung,Private,3,30,140833288
509129429039907,Laki-Laki,19,<25,Married,18599691,15-50Jt,D3,Jakarta,Private,3,35,179279705
690738254362009,Laki-Laki,38,35-44,Single,76297617,50-100Jt,D3,Jakarta,Private,2,3,12843924
255533150300677,Laki-Laki,42,35-44,Married,176685478,>100Jt,SMA,Jakarta,Priority,3,26,118182973
183569004708861,Perempuan,33,25-34,Married,26387092,15-50Jt,S3,Jakarta,Private,1,14,62716320
275124815022600,Laki-Laki,48,45-59,Single,161658533,>100Jt,SMA,Medan,Priority,1,21,109897562
455410405701394,Perempuan,56,45-59,Single,184936146,>100Jt,S3,Medan,Reguler,3,30,131765459
162231920754937,Laki-Laki,50,45-59,Single,16855509,15-50Jt,S1,Medan,Reguler,3,30,160525254
506983998400099,Laki-Laki,55,45-59,Divorce,152366258,>100Jt,S1,Makassar,Private,1,3,14453277
323303698669903,Perempuan,24,<25,Divorce,71587632,50-100Jt,S1,Jakarta,Reguler,3,43,193664183
756727662413439,Perempuan,28,25-34,Single,124602577,>100Jt,S1,Bandung,Priority,1,2,17220622
313938015963899,Perempuan,23,<25,Married,128923138,>100Jt,SMA,Jakarta,Private,1,17,93515209
768197763029962,Perempuan,53,45-59,Divorce,150872415,>100Jt,SMA,Makassar,Priority,1,15,84391950
181884181161153,Laki-Laki,56,45-59,Married,72577529,50-100Jt,S3,Medan,Private,1,15,85034246
406211917093414,Perempuan,50,45-59,Married,93493043,50-100Jt,D3,Medan,Reguler,2,11,44201194
890551960175620,Perempuan,19,<25,Married,38402297,15-50Jt,S3,Surabaya,Reguler,3,40,236599441
875021420786195,Perempuan,51,45-59,Divorce,144651708,>100Jt,D3,Medan,Private,1,7,35177504
685533745485298,Laki-Laki,53,45-59,Single,86665691,50-100Jt,D3,Makassar,Priority,1,10,52466412
515094546973874,Laki-Laki,61,>=60,Single,92763004,50-100Jt,SMA,Makassar,Private,2,28,133421805
472546263858340,Perempuan,50,45-59,Married,178314402,>100Jt,S2,Medan,Private,3,25,109605716
487715365377603,Perempuan,32,25-34,Divorce,138199611,>100Jt,SMA,Bandung,Private,1,17,90635153
844819244967846,Laki-Laki,52,45-59,Single,145385435,>100Jt,S2,Jakarta,Reguler,1,9,50028034
173099117573225,Laki-Laki,42,35-44,Married,7460276,5-15Jt,S1,Jakarta,Reguler,2,24,126379448
463859963992426,Perempuan,29,25-34,Single,93573844,50-100Jt,S2,Makassar,Reguler,3,34,152799606
812269509238586,Perempuan,36,35-44,Single,131735615,>100Jt,D3,Bandung,Private,1,3,14579763
712933484304271,Laki-Laki,68,>=60,Single,63348918,50-100Jt,D3,Makassar,Reguler,3,40,202855756
119847678409402,Laki-Laki,59,45-59,Single,150239998,>100Jt,S3,Makassar,Priority,3,38,182843888
651373503399194,Laki-Laki,28,25-34,Single,92148776,50-100Jt,S1,Medan,Reguler,1,9,47877251
718982318537602,Laki-Laki,38,35-44,Divorce,163886613,>100Jt,D3,Bandung,Private,3,41,196781035
326489501024038,Laki-Laki,54,45-59,Married,185937189,>100Jt,D3,Makassar,Reguler,3,31,159946850
449028646673131,Perempuan,48,45-59,Divorce,129768815,>100Jt,D3,Jakarta,Private,2,25,147660922
745681233907759,Laki-Laki,33,25-34,Single,124320835,>100Jt,S1,Makassar,Priority,1,4,18023033
490874822039711,Perempuan,47,45-59,Divorce,158995490,>100Jt,S2,Makassar,Reguler,2,33,163462491
427814355332229,Perempuan,34,25-34,Married,103935840,>100Jt,S2,Medan,Priority,1,11,63828270
368966309084998,Laki-Laki,22,<25,Married,180366431,>100Jt,D3,Medan,Priority,1,16,91660350
482833502581238,Laki-Laki,17,<25,Married,55374647,50-100Jt,S3,Medan,Private,3,38,171583398
146341633703352,Laki-Laki,51,45-59,Divorce,81002445,50-100Jt,S2,Surabaya,Reguler,2,33,166079715
662033875169525,Laki-Laki,28,25-34,Divorce,194895938,>100Jt,D3,Surabaya,Priority,3,22,111157263
673936222639576,Perempuan,21,<25,Single,181983756,>100Jt,SMA,Makassar,Private,3,37,154705883
645530682544867,Perempuan,31,25-34,Married,59692404,50-100Jt,D3,Surabaya,Priority,2,28,118277177
586417809678254,Laki-Laki,37,35-44,Divorce,195102351,>100Jt,S1,Jakarta,Reguler,3,52,256765080
846811447269776,Perempuan,19,<25,Single,108300666,>100Jt,S3,Makassar,Priority,1,15,78058715
835427315826569,Laki-Laki,40,35-44,Divorce,190839167,>100Jt,SMA,Surabaya,Reguler,3,25,117771447
505775494386033,Laki-Laki,29,25-34,Married,26647205,15-50Jt,S1,Medan,Reguler,1,19,95311039
745482546187016,Laki-Laki,65,>=60,Married,93284985,50-100Jt,S3,Bandung,Reguler,1,16,98278971
904061204958653,Laki-Laki,36,35-44,Divorce,130995911,>100Jt,S1,Medan,Private,2,8,39401895
193339315861155,Perempuan,29,25-34,Divorce,122110869,>100Jt,S1,Medan,Private,3,30,170808149
922379616039364,Laki-Laki,61,>=60,Divorce,93838394,50-100Jt,D3,Bandung,Reguler,1,7,38388899
344327732544755,Laki-Laki,45,45-59,Single,18985249,15-50Jt,D3,Makassar,Priority,1,9,46543851
378195710586012,Perempuan,50,45-59,Married,89451900,50-100Jt,SMA,Makassar,Reguler,3,50,191917920
551772135802738,Laki-Laki,68,>=60,Divorce,185509286,>100Jt,S2,Jakarta,Reguler,3,44,247074996
159304320607596,Perempuan,21,<25,Single,195261455,>100Jt,S1,Surabaya,Private,1,4,16829460
203384931165059,Laki-Laki,53,45-59,Married,130422906,>100Jt,S3,Jakarta,Private,3,30,165138044
257487997409813,Laki-Laki,65,>=60,Married,74926775,50-100Jt,D3,Jakarta,Private,2,26,125119989
822698939487690,Perempuan,37,35-44,Single,100483912,>100Jt,D3,Jakarta,Private,1,9,47934480
656082656116745,Perempuan,62,>=60,Divorce,130599514,>100Jt,D3,Makassar,Private,1,13,55774989
122814832825275,Perempuan,30,25-34,Married,121746097,>100Jt,SMA,Bandung,Priority,2,17,92639499
322243635701680,Perempuan,30,25-34,Divorce,166231741,>100Jt,S2,Makassar,Priority,1,17,83044404
251280210751037,Laki-Laki,51,45-59,Single,16426716,15-50Jt,S1,Surabaya,Priority,3,42,230035129
606199263585938,Laki-Laki,68,>=60,Married,155539557,>100Jt,S2,Makassar,Private,2,41,219697621
993889374760165,Laki-Laki,37,35-44,Single,174867237,>100Jt,S1,Medan,Reguler,2,27,140475862
129848339457329,Laki-Laki,50,45-59,Single,103962079,>100Jt,SMA,Jakarta,Private,2,20,81243384
680810115314904,Laki-Laki,19,<25,Divorce,124658202,>100Jt,S3,Jakarta,Private,3,35,196392365
199848314445548,Laki-Laki,53,45-59,Single,120105071,>100Jt,SMA,Jakarta,Reguler,1,5,16493702
477779091023497,Laki-Laki,69,>=60,Single,84417907,50-100Jt,D3,Surabaya,Private,1,14,75229166
734882333448857,Perempuan,20,<25,Divorce,192831809,>100Jt,S1,Medan,Reguler,3,42,194406450
425144049166650,Laki-Laki,39,35-44,Married,13176828,5-15Jt,SMA,Jakarta,Priority,3,35,198370614
375068155242045,Laki-Laki,62,>=60,Divorce,173503798,>100Jt,S2,Bandung,Priority,1,18,86750375
577580381491881,Laki-Laki,30,25-34,Divorce,65701639,50-100Jt,S3,Surabaya,Reguler,1,19,83022354
699763303522796,Perempuan,62,>=60,Single,42043896,15-50Jt,D3,Surabaya,Priority,3,46,204626069
953132089363079,Laki-Laki,19,<25,Divorce,155137897,>100Jt,S3,Surabaya,Private,3,33,150389723
449256506736319,Perempuan,68,>=60,Married,155925384,>100Jt,S3,Medan,Priority,2,21,110489091
405718950013206,Perempuan,66,>=60,Single,98790832,50-100Jt,S2,Jakarta,Private,2,26,120506385
266047414095337,Perempuan,21,<25,Single,105285868,>100Jt,D3,Bandung,Private,2,28,139286552
463588817423293,Laki-Laki,62,>=60,Married,99504946,50-100Jt,D3,Makassar,Reguler,2,25,144616329
861440668452034,Laki-Laki,38,35-44,Married,188429788,>100Jt,S3,Makassar,Private,3,38,203974163
382287114681277,Perempuan,60,>=60,Married,50044083,50-100Jt,SMA,Bandung,Priority,1,8,43416441
720517886295393,Perempuan,32,25-34,Divorce,13392034,5-15Jt,SMA,Medan,Reguler,2,20,109073534
902487869563335,Perempuan,52,45-59,Single,154046651,>100Jt,SMA,Surabaya,Priority,1,19,109504220
646791998424948,Laki-Laki,29,25-34,Married,155504334,>100Jt,SMA,Jakarta,Reguler,2,28,145335695
160072806379938,Perempuan,22,<25,Single,146674535,>100Jt,S1,Jakarta,Reguler,1,13,57736071
519099494577796,Perempuan,69,>=60,Married,88654773,50-100Jt,SMA,Bandung,Private,2,23,109774667
686210300562751,Perempuan,25,25-34,Single,123142815,>100Jt,SMA,Bandung,Private,2,18,93735671
891539525120703,Perempuan,40,35-44,Single,53171169,50-100Jt,S3,Jakarta,Reguler,3,35,181656376
499469134573657,Laki-Laki,49,45-59,Divorce,36122266,15-50Jt,S3,Makassar,Private,1,20,118003908
360674310855676,Perempuan,26,25-34,Single,128798510,>100Jt,S2,Makassar,Private,3,32,156020403
612588809570155,Perempuan,55,45-59,Divorce,64658869,50-100Jt,S2,Bandung,Priority,2,34,164155452
660959342485978,Perempuan,19,<25,Married,87656124,50-100Jt,S3,Surabaya,Private,3,49,243750678
159455556267448,Laki-Laki,54,45-59,Single,155310767,>100Jt,D3,Medan,Reguler,1,10,62884260
202118311228800,Laki-Laki,39,35-44,Married,40407753,15-50Jt,D3,Makassar,Priority,3,45,221090069
621689164033074,Laki-Laki,33,25-34,Single,174156133,>100Jt,SMA,Jakarta,Priority,1,15,80920512
188515033415066,Perempuan,53,45-59,Single,144159991,>100Jt,S3,Makassar,Reguler,2,29,149730391
925527050224572,Perempuan,65,>=60,Single,49013251,15-50Jt,SMA,Bandung,Private,2,15,85977200
906308170201392,Laki-Laki,30,25-34,Married,80309808,50-100Jt,SMA,Surabaya,Priority,2,44,245010287
459115276904082,Laki-Laki,40,35-44,Single,151443952,>100Jt,S1,Surabaya,Private,1,4,18027675
948188156339167,Laki-Laki,54,45-59,Divorce,169654456,>100Jt,S2,Medan,Priority,3,47,217095593
692763704337742,Laki-Laki,48,45-59,Divorce,191950228,>100Jt,D3,Makassar,Reguler,1,6,29381413
821603274674440,Laki-Laki,45,45-59,Married,163777868,>100Jt,SMA,Surabaya,Priority,1,11,43689023
168821056528514,Laki-Laki,69,>=60,Divorce,133978076,>100Jt,D3,Medan,Priority,3,35,167482286
134393359118090,Laki-Laki,29,25-34,Divorce,14791470,5-15Jt,S1,Surabaya,Private,1,15,73243268
946872760915266,Perempuan,64,>=60,Married,192074497,>100Jt,S3,Medan,Private,1,15,91867398
764586695542372,Laki-Laki,39,35-44,Married,25910282,15-50Jt,SMA,Makassar,Private,1,5,19661964
570797322395135,Laki-Laki,25,25-34,Single,111531087,>100Jt,S3,Bandung,Priority,3,28,119527844
114034634097465,Perempuan,54,45-59,Single,25148023,15-50Jt,S3,Makassar,Reguler,3,62,328586409
501825194897055,Laki-Laki,24,<25,Single,137865024,>100Jt,S3,Bandung,Reguler,2,19,104875420
911434889878854,Perempuan,24,<25,Divorce,4559757,<5Jt,D3,Surabaya,Private,1,11,71572652
838000069993948,Laki-Laki,50,45-59,Married,40747492,15-50Jt,SMA,Medan,Reguler,2,15,77223076
494802840658643,Perempuan,20,<25,Married,94615658,50-100Jt,SMA,Bandung,Reguler,2,13,79419010
682756692683791,Perempuan,57,45-59,Married,198640866,>100Jt,S1,Surabaya,Priority,1,13,82139733
534632530726572,Laki-Laki,23,<25,Married,36319676,15-50Jt,S1,Bandung,Reguler,1,4,15158273
833606778182567,Laki-Laki,28,25-34,Divorce,199059865,>100Jt,D3,Jakarta,Reguler,1,12,63870153
710051451119550,Perempuan,24,<25,Divorce,128739862,>100Jt,S2,Bandung,Reguler,1,5,18311747
565226763954209,Perempuan,38,35-44,Married,97153950,50-100Jt,D3,Surabaya,Priority,1,21,109872253
627778488997710,Laki-Laki,54,45-59,Single,20509938,15-50Jt,S3,Jakarta,Reguler,1,18,87752615
764422150521785,Laki-Laki,48,45-59,Single,193556885,>100Jt,S2,Jakarta,Private,1,10,57225997
606861720088965,Perempuan,29,25-34,Divorce,92948213,50-100Jt,S3,Surabaya,Priority,3,31,159185818
994475077134901,Laki-Laki,64,>=60,Divorce,147131569,>100Jt,D3,Medan,Private,2,9,50049671
484779026208369,Perempuan,50,45-59,Married,117416902,>100Jt,S2,Medan,Reguler,3,18,101823975
426750868169066,Perempuan,20,<25,Married,199417783,>100Jt,D3,Jakarta,Priority,2,24,130050390
648953957519118,Perempuan,67,>=60,Single,118796251,>100Jt,SMA,Surabaya,Private,3,37,195734738
402653807709622,Laki-Laki,59,45-59,Divorce,99528174,50-100Jt,S2,Surabaya,Private,3,60,319097534
167469032908546,Laki-Laki,25,25-34,Single,33131276,15-50Jt,SMA,Bandung,Private,3,23,112537252
319004330256280,Laki-Laki,19,<25,Married,164241148,>100Jt,S2,Makassar,Priority,3,20,107432963
755489208177849,Laki-Laki,20,<25,Single,22312610,15-50Jt,S1,Makassar,Priority,2,33,166308166
611622884961985,Laki-Laki,35,35-44,Married,184854770,>100Jt,S3,Bandung,Priority,3,63,301520588
577068570273819,Laki-Laki,58,45-59,Single,150845503,>100Jt,S3,Surabaya,Private,3,41,230613394
127038556477493,Laki-Laki,55,45-59,Married,50246348,50-100Jt,S3,Makassar,Reguler,1,22,96381073
364038434254603,Laki-Laki,35,35-44,Divorce,192637068,>100Jt,S1,Surabaya,Reguler,2,31,160535613
944315754399839,Perempuan,31,25-34,Married,158949526,>100Jt,D3,Jakarta,Private,2,40,204708043
899728623906322,Perempuan,42,35-44,Divorce,87629168,50-100Jt,S1,Bandung,Priority,2,38,201230204
553618467509448,Laki-Laki,58,45-59,Divorce,41168898,15-50Jt,S1,Medan,Private,1,11,74601721
746737341699643,Perempuan,32,25-34,Married,194462256,>100Jt,S1,Surabaya,Priority,3,26,130463828
657038171478188,Laki-Laki,58,45-59,Married,199566088,>100Jt,SMA,Jakarta,Reguler,2,33,149980113
677709551591986,Laki-Laki,36,35-44,Divorce,29906511,15-50Jt,S1,Makassar,Priority,3,35,153811351
249270770185726,Laki-Laki,22,<25,Married,24088012,15-50Jt,S3,Medan,Private,2,38,179106393
703475424317053,Perempuan,36,35-44,Divorce,91142226,50-100Jt,S3,Bandung,Priority,2,5,25831789
687488891034482,Perempuan,46,45-59,Divorce,144040331,>100Jt,D3,Bandung,Priority,2,29,113418837
486909315962591,Perempuan,42,35-44,Married,84955631,50-100Jt,S3,Makassar,Priority,1,5,33117209
259479937017792,Laki-Laki,56,45-59,Single,62892560,50-100Jt,S1,Makassar,Reguler,1,5,17092564
933859322227016,Laki-Laki,37,35-44,Married,90814287,50-100Jt,S2,Surabaya,Private,2,36,191003878
521519901206148,Perempuan,62,>=60,Single,85226579,50-100Jt,S1,Medan,Priority,1,6,32941317
481658632807714,Laki-Laki,49,45-59,Married,26507635,15-50Jt,S3,Bandung,Private,3,65,299117712
720744068807764,Laki-Laki,40,35-44,Divorce,3947272,<5Jt,S3,Bandung,Reguler,1,11,55086112
847703464369384,Perempuan,32,25-34,Divorce,43467715,15-50Jt,S3,Medan,Reguler,1,14,66903947
532904790615647,Laki-Laki,25,25-34,Single,181077811,>100Jt,SMA,Jakarta,Private,2,40,204016541
838799123086134,Laki-Laki,27,25-34,Married,77149770,50-100Jt,D3,Surabaya,Reguler,1,6,35375888
744931160023510,Laki-Laki,39,35-44,Married,107554447,>100Jt,SMA,Makassar,Private,3,27,169080596
971218655401930,Perempuan,44,35-44,Divorce,20631957,15-50Jt,D3,Bandung,Reguler,2,14,76225616
509135227844203,Laki-Laki,37,35-44,Single,178695801,>100Jt,S2,Medan,Priority,3,43,218055666
703522676163482,Perempuan,51,45-59,Single,84952330,50-100Jt,S1,Medan,Private,1,4,27233801
543813729645684,Perempuan,49,45-59,Married,65900522,50-100Jt,S3,Bandung,Private,2,24,144190088
625744538671995,Perempuan,30,25-34,Single,195442237,>100Jt,SMA,Medan,Private,3,40,199024138
623809042611635,Perempuan,28,25-34,Married,104918860,>100Jt,SMA,Jakarta,Private,1,12,63096901
707997636925486,Perempuan,46,45-59,Single,137406801,>100Jt,S3,Medan,Priority,3,56,302839423
296342591708675,Laki-Laki,49,45-59,Divorce,145214771,>100Jt,S1,Surabaya,Reguler,2,18,106951271
775018262981706,Laki-Laki,44,35-44,Single,53316725,50-100Jt,S1,Surabaya,Reguler,1,3,15346556
120394245051121,Laki-Laki,55,45-59,Married,59193692,50-100Jt,S1,Jakarta,Priority,1,24,125978366
129214232908526,Laki-Laki,64,>=60,Married,135075235,>100Jt,S3,Jakarta,Private,2,24,92900207
692629277241741,Laki-Laki,41,35-44,Divorce,4074961,<5Jt,SMA,Jakarta,Reguler,1,9,39946017
684968907133954,Perempuan,32,25-34,Single,56938971,50-100Jt,S3,Bandung,Private,1,16,57341050
790524095784057,Laki-Laki,29,25-34,Single,188275824,>100Jt,D3,Jakarta,Private,1,13,65677103
214824164808931,Laki-Laki,32,25-34,Married,189818069,>100Jt,S1,Jakarta,Priority,3,45,246335862
492612318499631,Laki-Laki,38,35-44,Married,45822943,15-50Jt,S3,Surabaya,Priority,1,1,9080977
611860074741966,Perempuan,60,>=60,Married,161209559,>100Jt,S2,Jakarta,Priority,1,14,82718726
491990284379939,Perempuan,22,<25,Married,197128440,>100Jt,S1,Jakarta,Priority,3,27,109118850
842620248728804,Perempuan,69,>=60,Single,106576589,>100Jt,SMA,Jakarta,Private,3,25,117603257
675453016295110,Perempuan,48,45-59,Married,93827527,50-100Jt,S2,Makassar,Priority,2,17,92711345
264517225411751,Perempuan,68,>=60,Married,174670350,>100Jt,S3,Surabaya,Private,1,6,16441942
863663321056423,Laki-Laki,33,25-34,Single,36245660,15-50Jt,S2,Medan,Reguler,1,4,22672952
545290202859715,Laki-Laki,22,<25,Divorce,70259517,50-100Jt,S1,Bandung,Private,3,3,18346239
556801486834946,Laki-Laki,25,25-34,Divorce,73314092,50-100Jt,SMA,Makassar,Priority,2,13,62829991
220328159780248,Laki-Laki,31,25-34,Divorce,57659450,50-100Jt,S1,Medan,Reguler,1,21,114502112
715181218053372,Laki-Laki,45,45-59,Single,172189002,>100Jt,S1,Jakarta,Private,2,16,97519962
116100511415520,Perempuan,36,35-44,Divorce,185094065,>100Jt,D3,Jakarta,Priority,1,10,46049718
140976925605868,Laki-Laki,45,45-59,Married,154212714,>100Jt,D3,Makassar,Priority,2,25,144478175
933343650594205,Laki-Laki,48,45-59,Single,16691164,15-50Jt,S1,Bandung,Reguler,1,6,19395160
740567215843211,Perempuan,50,45-59,Married,87123279,50-100Jt,D3,Makassar,Private,3,23,84928542
740865553562084,Laki-Laki,28,25-34,Married,78142815,50-100Jt,S2,Medan,Reguler,3,53,254413447
303132951841506,Laki-Laki,63,>=60,Single,69927749,50-100Jt,SMA,Bandung,Private,3,50,235976336
773151941691902,Perempuan,49,45-59,Divorce,146078663,>100Jt,S1,Medan,Reguler,3,40,191478200
248693153714990,Perempuan,53,45-59,Divorce,153357841,>100Jt,D3,Makassar,Priority,3,36,173395858
400781072755341,Perempuan,57,45-59,Married,58194542,50-100Jt,SMA,Jakarta,Reguler,1,10,43895639
244274515772320,Perempuan,59,45-59,Single,60413553,50-100Jt,S3,Medan,Private,2,30,161897428
655393413558650,Laki-Laki,59,45-59,Married,45827096,15-50Jt,S1,Medan,Private,2,39,202182351
581813868184406,Perempuan,24,<25,Married,78488205,50-100Jt,SMA,Surabaya,Reguler,1,3,18533887
626292607977471,Perempuan,37,35-44,Married,52349430,50-100Jt,SMA,Makassar,Private,1,20,112887016
139808276976407,Perempuan,55,45-59,Divorce,34061293,15-50Jt,S3,Bandung,Reguler,3,13,51675014
973774904258210,Laki-Laki,47,45-59,Divorce,136163302,>100Jt,S1,Makassar,Private,2,34,164092998
754657717458717,Perempuan,26,25-34,Divorce,93615006,50-100Jt,S3,Medan,Reguler,1,18,75880056
582875964342170,Perempuan,44,35-44,Divorce,21598124,15-50Jt,S1,Jakarta,Private,1,23,128855747
290004133364964,Perempuan,52,45-59,Married,191759959,>100Jt,S3,Surabaya,Priority,3,33,170767185
633106244077725,Laki-Laki,61,>=60,Married,16654772,15-50Jt,D3,Surabaya,Reguler,1,12,49967993
205392318031394,Laki-Laki,29,25-34,Single,119067598,>100Jt,S1,Medan,Priority,1,10,48091205
353839652917604,Perempuan,56,45-59,Married,32538040,15-50Jt,S3,Makassar,Reguler,2,19,96713745
972623708772192,Perempuan,18,<25,Single,31110905,15-50Jt,S1,Jakarta,Reguler,3,31,140285772
867412010343358,Perempuan,65,>=60,Single,58742545,50-100Jt,S2,Makassar,Private,2,28,133450074
215339848121337,Laki-Laki,69,>=60,Married,147746022,>100Jt,D3,Makassar,Reguler,1,9,45449280
302956710106526,Laki-Laki,52,45-59,Married,59318065,50-100Jt,S3,Bandung,Private,3,26,133559795
606144202577691,Laki-Laki,38,35-44,Married,178037566,>100Jt,S1,Bandung,Priority,3,34,162111824
866016236893795,Laki-Laki,46,45-59,Single,92054634,50-100Jt,S2,Bandung,Priority,1,14,64375339
140152519826594,Perempuan,22,<25,Divorce,156022264,>100Jt,S3,Makassar,Private,3,47,241332154
316590846744243,Laki-Laki,61,>=60,Single,188305455,>100Jt,D3,Jakarta,Priority,2,23,90827760
714555452485578,Perempuan,31,25-34,Divorce,54923821,50-100Jt,SMA,Makassar,Reguler,2,13,79325882
704449798636100,Laki-Laki,63,>=60,Married,120118738,>100Jt,D3,Medan,Private,1,10,64168501
554800177005272,Perempuan,29,25-34,Married,157913893,>100Jt,SMA,Medan,Priority,3,50,263593503
857239552000606,Laki-Laki,20,<25,Divorce,158029408,>100Jt,D3,Surabaya,Private,2,30,135034483
338765154197204,Perempuan,46,45-59,Married,131036268,>100Jt,S2,Bandung,Priority,3,47,258820929
490764888185626,Laki-Laki,69,>=60,Married,92858638,50-100Jt,S2,Surabaya,Reguler,1,1,8091004
819523969853543,Perempuan,61,>=60,Married,119623380,>100Jt,S1,Bandung,Priority,2,11,46953977
771115057130696,Laki-Laki,52,45-59,Single,123189508,>100Jt,S2,Bandung,Reguler,3,21,117548728
838264661537237,Perempuan,19,<25,Married,30719138,15-50Jt,S1,Jakarta,Priority,3,12,64134982
506754307391451,Perempuan,17,<25,Divorce,56834274,50-100Jt,D3,Medan,Priority,1,22,106695595
399466479223455,Perempuan,46,45-59,Single,141399454,>100Jt,S2,Jakarta,Reguler,1,14,58642646
384473293315090,Perempuan,59,45-59,Married,69128719,50-100Jt,D3,Medan,Private,2,21,111294244
926092208775421,Perempuan,64,>=60,Married,129133344,>100Jt,S2,Makassar,Private,2,17,87797910
979682293259435,Perempuan,19,<25,Married,106902832,>100Jt,S3,Jakarta,Private,1,3,12898520
425118724698172,Laki-Laki,38,35-44,Single,54267968,50-100Jt,D3,Makassar,Private,2,22,121893887
777259624484258,Laki-Laki,26,25-34,Married,53281422,50-100Jt,S3,Makassar,Private,3,51,243573822
469363440911907,Perempuan,52,45-59,Divorce,104339592,>100Jt,SMA,Makassar,Priority,1,17,77226340
463162588487650,Laki-Laki,59,45-59,Single,180322948,>100Jt,S3,Surabaya,Priority,1,2,8489429
696472576349301,Laki-Laki,65,>=60,Divorce,134715294,>100Jt,S2,Makassar,Priority,2,19,107500962
215803404922503,Laki-Laki,45,45-59,Single,83286597,50-100Jt,S1,Makassar,Reguler,3,41,184894426
113108090945131,Laki-Laki,66,>=60,Single,148277588,>100Jt,S2,Jakarta,Reguler,2,28,119986364
514902354141807,Perempuan,25,25-34,Divorce,126657050,>100Jt,S2,Bandung,Priority,2,25,145131973
736394784218883,Perempuan,54,45-59,Divorce,168262217,>100Jt,S2,Surabaya,Reguler,2,19,99016649
440387104856901,Perempuan,41,35-44,Married,166621892,>100Jt,S1,Bandung,Priority,3,33,196640217
592141755120585,Laki-Laki,25,25-34,Divorce,165807635,>100Jt,S3,Bandung,Reguler,2,27,112739918
688512660378972,Perempuan,41,35-44,Married,90116625,50-100Jt,D3,Medan,Private,2,32,150509714
954421338955588,Laki-Laki,29,25-34,Single,95540486,50-100Jt,S3,Bandung,Priority,2,38,196027515
185343068915474,Laki-Laki,36,35-44,Married,34276622,15-50Jt,S3,Medan,Reguler,3,31,150498849
156843122768445,Perempuan,62,>=60,Married,163115210,>100Jt,S3,Bandung,Private,1,22,123172903
128584711528429,Perempuan,42,35-44,Married,60888503,50-100Jt,S3,Surabaya,Priority,1,18,100057724
747811723443094,Perempuan,38,35-44,Single,165270121,>100Jt,S2,Makassar,Reguler,1,9,46862766
161771976100163,Perempuan,50,45-59,Single,194952107,>100Jt,D3,Bandung,Priority,2,29,158793026
290042512539009,Laki-Laki,42,35-44,Divorce,51544005,50-100Jt,S2,Medan,Reguler,3,49,252796518
852491768769383,Laki-Laki,33,25-34,Divorce,162364010,>100Jt,SMA,Medan,Priority,1,4,25134235
355034047619549,Perempuan,18,<25,Divorce,182571724,>100Jt,D3,Surabaya,Priority,2,9,47651578
648292278551191,Laki-Laki,45,45-59,Divorce,78643942,50-100Jt,D3,Medan,Priority,2,8,42354595
862993440758201,Perempuan,42,35-44,Married,150263425,>100Jt,SMA,Jakarta,Reguler,1,24,115363510
443929775754320,Laki-Laki,37,35-44,Married,148098454,>100Jt,SMA,Bandung,Reguler,3,21,123200769
905174104676808,Laki-Laki,63,>=60,Divorce,157114678,>100Jt,S2,Medan,Private,2,16,90790884
545508219156733,Laki-Laki,22,<25,Married,125570588,>100Jt,S2,Surabaya,Private,1,15,76740859
160788143270759,Laki-Laki,62,>=60,Single,159891665,>100Jt,SMA,Medan,Reguler,2,43,202145262
238579241439748,Perempuan,36,35-44,Divorce,4801951,<5Jt,S3,Jakarta,Reguler,2,39,207013310
175764154289456,Perempuan,20,<25,Married,27938778,15-50Jt,S3,Makassar,Private,2,16,90850361
694041316959782,Laki-Laki,39,35-44,Divorce,21238528,15-50Jt,SMA,Bandung,Reguler,3,24,117278181
256319534789292,Perempuan,29,25-34,Married,99414082,50-100Jt,S1,Surabaya,Priority,1,12,57431218
274510973515790,Laki-Laki,31,25-34,Married,163185370,>100Jt,S1,Makassar,Reguler,2,16,79344699
388712238890292,Perempuan,37,35-44,Single,166386192,>100Jt,S2,Medan,Private,2,27,128856427
610698421367184,Laki-Laki,68,>=60,Married,141556571,>100Jt,D3,Bandung,Reguler,2,11,50858399
326082765590016,Perempuan,58,45-59,Divorce,27198505,15-50Jt,SMA,Makassar,Reguler,2,28,117629092
212120645625846,Perempuan,39,35-44,Divorce,148578317,>100Jt,S3,Makassar,Reguler,3,67,334145254
542153004168383,Perempuan,61,>=60,Divorce,56915845,50-100Jt,S2,Surabaya,Private,1,9,38116820
503074756693689,Laki-Laki,63,>=60,Divorce,110994302,>100Jt,S3,Makassar,Priority,1,10,54239401
269671443251591,Laki-Laki,45,45-59,Married,55316857,50-100Jt,S3,Makassar,Reguler,3,47,231163535
376960015056282,Perempuan,58,45-59,Married,195117914,>100Jt,SMA,Bandung,Private,1,4,24117108
616146334423995,Laki-Laki,56,45-59,Divorce,98268888,50-100Jt,D3,Makassar,Private,2,20,91365354
336293229782274,Laki-Laki,36,35-44,Married,136872126,>100Jt,SMA,Surabaya,Priority,3,44,234304915
672481352276865,Perempuan,59,45-59,Single,38284715,15-50Jt,SMA,Medan,Private,1,3,17627437
779514725100893,Perempuan,19,<25,Single,35329598,15-50Jt,SMA,Bandung,Reguler,3,58,270630787
741910927190724,Laki-Laki,35,35-44,Single,49988351,15-50Jt,D3,Jakarta,Reguler,1,7,43878740
624748693217747,Laki-Laki,63,>=60,Single,71571402,50-100Jt,SMA,Medan,Priority,1,4,22168182
332351258308089,Laki-Laki,68,>=60,Divorce,9760403,5-15Jt,S2,Jakarta,Priority,3,30,147885481
945118117023945,Laki-Laki,55,45-59,Married,167118515,>100Jt,S3,Makassar,Reguler,3,41,201400063
747725883619354,Laki-Laki,54,45-59,Single,37867175,15-50Jt,S2,Medan,Reguler,3,29,163753479
640343353325149,Perempuan,41,35-44,Married,83969656,50-100Jt,S1,Jakarta,Private,3,43,202358975
650391655452751,Perempuan,59,45-59,Married,80141179,50-100Jt,D3,Medan,Private,3,46,208677461
564781654008088,Perempuan,64,>=60,Divorce,55420967,50-100Jt,S1,Medan,Private,1,13,80019946
107853373917053,Laki-Laki,52,45-59,Divorce,119261556,>100Jt,SMA,Bandung,Priority,1,12,76158895
434298603711741,Laki-Laki,58,45-59,Divorce,187276801,>100Jt,D3,Makassar,Priority,1,4,18649759
976211326574482,Perempuan,59,45-59,Married,42384827,15-50Jt,S3,Surabaya,Reguler,1,9,33136434
172569667321582,Laki-Laki,28,25-34,Divorce,97027062,50-100Jt,S3,Makassar,Priority,1,8,46938033
181125784062871,Laki-Laki,44,35-44,Married,101447022,>100Jt,S1,Makassar,Priority,2,20,77725975
966141929438946,Laki-Laki,63,>=60,Divorce,129749717,>100Jt,SMA,Medan,Reguler,3,58,282684958
214834440155137,Laki-Laki,49,45-59,Divorce,199223711,>100Jt,D3,Surabaya,Private,3,14,63898302
742727156261856,Perempuan,54,45-59,Divorce,98897229,50-100Jt,S1,Jakarta,Private,3,38,168644886
367545322216729,Perempuan,54,45-59,Divorce,63782618,50-100Jt,S1,Makassar,Priority,2,39,189775180
438239030614004,Laki-Laki,68,>=60,Divorce,139277113,>100Jt,S1,Bandung,Priority,3,37,179579713
553420272329214,Perempuan,39,35-44,Single,129294710,>100Jt,S3,Surabaya,Reguler,1,9,35374719
381515987648772,Perempuan,25,25-34,Divorce,104499284,>100Jt,SMA,Surabaya,Priority,3,51,212255393
490207160483289,Laki-Laki,18,<25,Divorce,40962717,15-50Jt,D3,Makassar,Private,2,10,39929332
301189904472207,Perempuan,34,25-34,Married,15774615,15-50Jt,S1,Medan,Priority,1,7,43328742
135028616028088,Perempuan,21,<25,Single,82885559,50-100Jt,S3,Medan,Priority,2,33,138231401
893622389017913,Laki-Laki,54,45-59,Single,176866627,>100Jt,D3,Bandung,Private,1,17,93055703
600025956763205,Laki-Laki,43,35-44,Single,66993927,50-100Jt,S2,Surabaya,Private,2,38,148864560
395667283119795,Perempuan,42,35-44,Divorce,81929433,50-100Jt,S2,Surabaya,Reguler,3,55,277082197
312203945267908,Perempuan,28,25-34,Married,60021206,50-100Jt,SMA,Surabaya,Priority,3,41,223992439
208846510674213,Laki-Laki,29,25-34,Married,48844569,15-50Jt,S2,Bandung,Private,2,23,131200550
666644413142286,Perempuan,56,45-59,Single,133837162,>100Jt,D3,Jakarta,Private,2,30,132012756
240496048231843,Perempuan,29,25-34,Single,79599400,50-100Jt,SMA,Jakarta,Priority,3,29,147779196
386435046855059,Laki-Laki,18,<25,Married,191309210,>100Jt,S3,Bandung,Private,1,2,7898894
200029502434962,Perempuan,30,25-34,Divorce,142948113,>100Jt,S3,Surabaya,Private,1,14,57244058
660753225497220,Perempuan,20,<25,Single,120051917,>100Jt,S1,Surabaya,Private,3,36,181579650
926544983513720,Laki-Laki,36,35-44,Single,160502584,>100Jt,S2,Makassar,Reguler,1,2,10338285
664719648251255,Perempuan,65,>=60,Single,140504821,>100Jt,S3,Bandung,Priority,2,10,68114092
204306681615098,Perempuan,50,45-59,Single,156362837,>100Jt,SMA,Surabaya,Priority,1,22,112502602
979895556735208,Perempuan,46,45-59,Single,114337125,>100Jt,D3,Medan,Priority,3,58,269151576
231148756759307,Perempuan,48,45-59,Divorce,76663899,50-100Jt,S3,Makassar,Priority,1,22,113434235
933455152646835,Perempuan,28,25-34,Single,81518263,50-100Jt,S3,Medan,Reguler,2,8,35780331
870630400994415,Perempuan,50,45-59,Single,89405050,50-100Jt,S2,Makassar,Private,2,26,166842341
641474634917536,Perempuan,34,25-34,Single,186108255,>100Jt,SMA,Medan,Private,1,17,94054903
873085022037949,Perempuan,50,45-59,Married,154284046,>100Jt,S1,Surabaya,Priority,3,54,299609015
262112496906727,Perempuan,55,45-59,Single,186909424,>100Jt,S2,Makassar,Priority,1,21,114846345
286763558601773,Laki-Laki,45,45-59,Single,189427347,>100Jt,S3,Medan,Priority,2,26,137753314
561519422363104,Perempuan,35,35-44,Divorce,52351998,50-100Jt,S3,Medan,Priority,2,7,35725909
464627251120039,Perempuan,19,<25,Divorce,194070021,>100Jt,D3,Jakarta,Private,2,40,209276428
463634391358779,Perempuan,45,45-59,Married,150748842,>100Jt,SMA,Medan,Reguler,3,49,280071819
961363230432643,Perempuan,28,25-34,Single,27374842,15-50Jt,D3,Bandung,Private,1,8,27172313
589906158508078,Perempuan,66,>=60,Divorce,63078382,50-100Jt,S2,Makassar,Reguler,3,52,248907949
427809072112535,Perempuan,47,45-59,Divorce,57864537,50-100Jt,D3,Surabaya,Private,2,27,157822624
474675088528133,Laki-Laki,63,>=60,Married,172322344,>100Jt,S3,Makassar,Private,1,12,71809891
177441887191958,Laki-Laki,61,>=60,Single,42028092,15-50Jt,S2,Medan,Private,1,15,67042541
640783824179268,Laki-Laki,35,35-44,Divorce,193124183,>100Jt,S1,Jakarta,Private,3,20,78515680
616046311584896,Laki-Laki,53,45-59,Divorce,88607690,50-100Jt,S2,Makassar,Reguler,2,13,86961486
517642235340110,Perempuan,42,35-44,Married,138789866,>100Jt,S2,Bandung,Reguler,2,19,122381900
833316555024291,Laki-Laki,32,25-34,Married,58296596,50-100Jt,SMA,Jakarta,Reguler,2,36,185462570
735019326585276,Laki-Laki,45,45-59,Single,177222379,>100Jt,S2,Makassar,Priority,2,13,67041979
410416093167145,Perempuan,52,45-59,Single,122411789,>100Jt,S3,Medan,Reguler,1,16,82790385
200195118338445,Laki-Laki,25,25-34,Married,7264423,5-15Jt,D3,Jakarta,Priority,3,44,222825533
547462338361601,Laki-Laki,52,45-59,Single,31044174,15-50Jt,S2,Jakarta,Private,1,15,68569181
393712459066547,Perempuan,64,>=60,Married,22847987,15-50Jt,S2,Surabaya,Reguler,1,6,39873837
559063664176093,Perempuan,54,45-59,Divorce,176097012,>100Jt,S1,Makassar,Priority,1,15,79182786
147645612590742,Perempuan,43,35-44,Single,6133211,5-15Jt,SMA,Surabaya,Reguler,2,33,168573011
330566313388134,Laki-Laki,62,>=60,Divorce,167015441,>100Jt,S3,Jakarta,Private,3,40,216114681
699749194255818,Laki-Laki,59,45-59,Married,79843273,50-100Jt,SMA,Bandung,Reguler,2,11,53355354
131751122770304,Perempuan,41,35-44,Single,106044228,>100Jt,S2,Surabaya,Private,1,14,64550728
219024196880529,Laki-Laki,44,35-44,Married,116774244,>100Jt,S3,Makassar,Private,1,24,118529298
437532805946081,Laki-Laki,49,45-59,Married,5914611,5-15Jt,S2,Surabaya,Private,2,34,178794226
680209463536678,Perempuan,46,45-59,Single,73770961,50-100Jt,S2,Jakarta,Reguler,3,38,217367049
194274009108928,Perempuan,56,45-59,Divorce,12622823,5-15Jt,S3,Medan,Priority,3,39,174775876
536242041176730,Perempuan,42,35-44,Divorce,26511930,15-50Jt,S3,Medan,Priority,3,43,221916850
509248265550826,Laki-Laki,35,35-44,Single,72518245,50-100Jt,SMA,Jakarta,Reguler,2,38,235858902
838032144294703,Perempuan,54,45-59,Divorce,168850014,>100Jt,S2,Jakarta,Private,2,36,185723062
152338322241752,Laki-Laki,23,<25,Single,13679043,5-15Jt,S3,Surabaya,Reguler,2,44,203379208
317379397983254,Laki-Laki,36,35-44,Married,154238821,>100Jt,S3,Makassar,Priority,3,53,241743273
438700943590729,Perempuan,53,45-59,Married,172359979,>100Jt,SMA,Jakarta,Priority,2,26,127105036
631954174191374,Laki-Laki,58,45-59,Single,122378390,>100Jt,SMA,Bandung,Reguler,2,31,144924954
540812704980810,Perempuan,29,25-34,Single,93369565,50-100Jt,S1,Surabaya,Priority,2,23,122158288
201464703785753,Laki-Laki,61,>=60,Divorce,119450155,>100Jt,S3,Jakarta,Private,1,11,61770201
188557638680062,Perempuan,39,35-44,Married,85188677,50-100Jt,S3,Bandung,Private,3,30,123046383
714294672973436,Laki-Laki,65,>=60,Married,23639379,15-50Jt,S2,Jakarta,Reguler,2,20,102531043
971739221146547,Laki-Laki,64,>=60,Divorce,75989790,50-100Jt,D3,Bandung,Private,2,22,86187562
571499250472984,Laki-Laki,42,35-44,Divorce,135162353,>100Jt,S1,Medan,Private,2,17,81313992
718782052636694,Perempuan,32,25-34,Single,4120113,<5Jt,D3,Makassar,Reguler,2,16,94164908
504046075297073,Perempuan,51,45-59,Divorce,139600593,>100Jt,S1,Jakarta,Priority,2,22,90672281
640732546112919,Perempuan,25,25-34,Single,19600352,15-50Jt,S1,Bandung,Private,1,20,92938389
788318724714971,Laki-Laki,60,>=60,Divorce,17534056,15-50Jt,SMA,Bandung,Priority,1,23,123575973
858559663119596,Laki-Laki,59,45-59,Single,127115363,>100Jt,S3,Bandung,Priority,3,46,255620028
382292333455612,Laki-Laki,37,35-44,Divorce,88749316,50-100Jt,S3,Jakarta,Private,3,27,111831883
386288376540156,Perempuan,41,35-44,Divorce,77798069,50-100Jt,S2,Medan,Private,3,26,126809206
472255118401655,Perempuan,57,45-59,Divorce,66388426,50-100Jt,S3,Makassar,Reguler,3,25,109504433
741896033415988,Perempuan,50,45-59,Divorce,50865579,50-100Jt,D3,Jakarta,Reguler,1,2,10456359
634116162911659,Perempuan,46,45-59,Divorce,122102305,>100Jt,S2,Surabaya,Private,3,13,82693508
194315480749466,Laki-Laki,53,45-59,Single,114907898,>100Jt,S1,Medan,Priority,3,35,161760728
921337502557175,Laki-Laki,54,45-59,Single,49467514,15-50Jt,S3,Bandung,Priority,1,18,90809574
880430783798962,Perempuan,38,35-44,Divorce,122245185,>100Jt,SMA,Makassar,Priority,2,30,157521153
633620656953435,Perempuan,42,35-44,Single,57278856,50-100Jt,SMA,Makassar,Private,1,22,94499247
289255769123503,Laki-Laki,59,45-59,Divorce,38908279,15-50Jt,S1,Makassar,Priority,3,34,170756496
411275903996592,Perempuan,38,35-44,Married,76657758,50-100Jt,S2,Surabaya,Priority,1,22,108463923
811251928673722,Laki-Laki,20,<25,Married,40416039,15-50Jt,S2,Jakarta,Reguler,3,24,132144337
575400032311171,Perempuan,49,45-59,Divorce,143955048,>100Jt,S1,Jakarta,Reguler,1,24,132764507
416481241942093,Laki-Laki,58,45-59,Single,115520186,>100Jt,D3,Surabaya,Reguler,3,55,261915940
554745143318758,Laki-Laki,26,25-34,Married,62963387,50-100Jt,SMA,Jakarta,Reguler,2,20,104560332
635645124164890,Perempuan,21,<25,Divorce,10059903,5-15Jt,S3,Jakarta,Reguler,1,23,140372249
822209882899756,Perempuan,34,25-34,Single,88021707,50-100Jt,S3,Surabaya,Reguler,3,39,211934201
186584192374682,Perempuan,48,45-59,Divorce,13095125,5-15Jt,S2,Medan,Reguler,3,32,168880074
421006105642624,Laki-Laki,34,25-34,Single,167441205,>100Jt,S1,Medan,Priority,3,61,350483075
549220692282892,Laki-Laki,63,>=60,Married,68985129,50-100Jt,S2,Medan,Private,3,44,195080337
764785255035694,Perempuan,58,45-59,Single,118075646,>100Jt,S1,Jakarta,Private,1,22,98111520
471155216962175,Laki-Laki,68,>=60,Divorce,121668849,>100Jt,S2,Makassar,Priority,1,11,53231001
733724994816626,Perempuan,38,35-44,Married,89142436,50-100Jt,SMA,Surabaya,Reguler,2,46,215610035
265949077259771,Perempuan,22,<25,Married,143513153,>100Jt,S2,Makassar,Private,2,30,140384973
146887114642121,Laki-Laki,38,35-44,Married,139338439,>100Jt,SMA,Medan,Private,1,8,38005954
677310248285372,Perempuan,39,35-44,Married,65929994,50-100Jt,SMA,Medan,Reguler,1,13,67401056
968573331397231,Laki-Laki,63,>=60,Single,31362071,15-50Jt,D3,Surabaya,Priority,3,24,132655950
906876330311805,Perempuan,55,45-59,Single,9818922,5-15Jt,S3,Medan,Private,1,17,88937303
126209043530912,Perempuan,69,>=60,Single,187640382,>100Jt,SMA,Jakarta,Reguler,3,26,123841555
886247142737022,Perempuan,45,45-59,Divorce,95127433,50-100Jt,S3,Bandung,Priority,1,18,95251682
510006551140437,Perempuan,69,>=60,Married,158436915,>100Jt,S2,Jakarta,Priority,1,6,37872628
335142143022761,Laki-Laki,49,45-59,Single,65344320,50-100Jt,S1,Makassar,Priority,1,3,8829038
424058266561778,Laki-Laki,36,35-44,Divorce,12986298,5-15Jt,S2,Medan,Priority,1,13,65418795
620128268498747,Perempuan,59,45-59,Divorce,74622071,50-100Jt,S2,Medan,Private,2,26,132047146
103305930811735,Perempuan,56,45-59,Single,144240064,>100Jt,S1,Surabaya,Private,2,13,63021254
708596617601624,Laki-Laki,59,45-59,Divorce,90182130,50-100Jt,S3,Makassar,Private,3,49,240377126
123562548289679,Laki-Laki,17,<25,Divorce,13117273,5-15Jt,S1,Surabaya,Reguler,1,12,67026406
680075562001911,Laki-Laki,48,45-59,Single,21333734,15-50Jt,S3,Makassar,Priority,1,14,66955016
972721798122347,Perempuan,40,35-44,Single,19202558,15-50Jt,D3,Makassar,Priority,1,15,83246666
556507137803844,Perempuan,19,<25,Divorce,117446326,>100Jt,S1,Makassar,Private,3,39,193103584
423640133626877,Perempuan,53,45-59,Single,46465574,15-50Jt,D3,Surabaya,Reguler,3,39,183411752
928751419353057,Laki-Laki,37,35-44,Divorce,191016065,>100Jt,S1,Jakarta,Priority,3,55,266376375
864707353678701,Laki-Laki,40,35-44,Single,155775696,>100Jt,S2,Surabaya,Private,3,17,91227512
198998777755381,Laki-Laki,61,>=60,Married,166129589,>100Jt,S2,Makassar,Reguler,1,7,35261294
515549049930029,Laki-Laki,61,>=60,Married,147369335,>100Jt,S1,Jakarta,Reguler,2,25,126745488
637027590612113,Perempuan,56,45-59,Single,4418060,<5Jt,D3,Makassar,Priority,1,5,24701151
592600353051750,Perempuan,25,25-34,Single,75098768,50-100Jt,S2,Medan,Priority,1,20,114242320
730412535027160,Laki-Laki,63,>=60,Single,66640055,50-100Jt,D3,Jakarta,Private,2,18,87387727
648040392259426,Laki-Laki,57,45-59,Single,16710025,15-50Jt,S2,Jakarta,Priority,3,32,159120429
388686908181938,Perempuan,27,25-34,Divorce,42542531,15-50Jt,S1,Surabaya,Priority,1,3,18951471
452506414115305,Laki-Laki,35,35-44,Married,118863858,>100Jt,S2,Jakarta,Reguler,1,20,125887796
360132344890511,Laki-Laki,61,>=60,Divorce,85009390,50-100Jt,S3,Makassar,Priority,2,32,175154946
889707057926480,Laki-Laki,22,<25,Married,42755285,15-50Jt,S3,Surabaya,Priority,3,48,294263917
584542648547082,Perempuan,45,45-59,Married,182408972,>100Jt,S1,Jakarta,Priority,3,18,117639965
324303297108354,Perempuan,52,45-59,Single,89247296,50-100Jt,D3,Jakarta,Priority,2,25,84202022
197336199749832,Perempuan,33,25-34,Single,45106078,15-50Jt,S1,Bandung,Reguler,2,40,197049234
288656645041723,Perempuan,42,35-44,Divorce,179764879,>100Jt,S3,Makassar,Reguler,3,36,171973795
780833243538568,Laki-Laki,35,35-44,Divorce,131850906,>100Jt,S3,Medan,Reguler,2,16,87865514
257329844318833,Perempuan,56,45-59,Divorce,189716730,>100Jt,SMA,Makassar,Priority,1,3,6434494
980646044690425,Perempuan,56,45-59,Single,188425407,>100Jt,S1,Bandung,Private,1,7,39047573
901944082821226,Perempuan,53,45-59,Divorce,48278419,15-50Jt,D3,Surabaya,Private,2,37,217242505
967000158715809,Perempuan,33,25-34,Married,32025773,15-50Jt,S2,Jakarta,Private,3,31,149256575
267853320500616,Laki-Laki,19,<25,Divorce,61711614,50-100Jt,SMA,Jakarta,Private,1,21,103915438
800050746671643,Perempuan,17,<25,Single,41175224,15-50Jt,S2,Surabaya,Priority,2,26,108968474
776478310106453,Laki-Laki,59,45-59,Divorce,141612371,>100Jt,S1,Jakarta,Reguler,3,52,276754221
699096334988526,Perempuan,31,25-34,Married,24646139,15-50Jt,SMA,Surabaya,Private,2,11,73906387
186450687566725,Laki-Laki,53,45-59,Married,89179753,50-100Jt,S2,Surabaya,Private,2,22,108206335
383267097747570,Laki-Laki,23,<25,Single,181260177,>100Jt,D3,Jakarta,Reguler,3,50,251444682
591141242635362,Perempuan,68,>=60,Divorce,38002379,15-50Jt,S2,Makassar,Private,1,9,35432468
165076685883599,Perempuan,23,<25,Married,171061019,>100Jt,S3,Makassar,Priority,1,9,38262541
135682935641917,Laki-Laki,63,>=60,Married,111754032,>100Jt,SMA,Bandung,Private,2,30,146817885
736584848940694,Laki-Laki,21,<25,Divorce,120738096,>100Jt,S1,Bandung,Reguler,2,30,148588307
160389766939689,Laki-Laki,34,25-34,Single,159585184,>100Jt,S3,Medan,Priority,3,34,189429043
561762742861811,Perempuan,41,35-44,Single,182763452,>100Jt,SMA,Makassar,Private,3,66,345210927
399944234293373,Perempuan,20,<25,Single,18272118,15-50Jt,SMA,Bandung,Priority,1,12,40059370
439102991175427,Perempuan,51,45-59,Divorce,161946576,>100Jt,S2,Medan,Reguler,3,41,200538145
312074103749908,Laki-Laki,61,>=60,Divorce,120369104,>100Jt,S3,Surabaya,Reguler,3,49,196941952
559817322992636,Perempuan,46,45-59,Divorce,91240465,50-100Jt,S1,Makassar,Reguler,3,40,155718182
335735489845369,Perempuan,53,45-59,Married,116378925,>100Jt,SMA,Surabaya,Private,2,18,95535589
112324187139234,Laki-Laki,63,>=60,Single,105653264,>100Jt,D3,Bandung,Private,1,11,48183623
136559357871422,Perempuan,40,35-44,Divorce,134745217,>100Jt,D3,Jakarta,Private,1,11,54081245
532459560004455,Laki-Laki,29,25-34,Divorce,23778286,15-50Jt,SMA,Medan,Reguler,1,14,80467202
897255913749823,Perempuan,48,45-59,Divorce,39183569,15-50Jt,S1,Surabaya,Reguler,3,38,187993259
801253818175570,Laki-Laki,32,25-34,Single,150216106,>100Jt,S1,Makassar,Private,1,6,18406063
555169270176549,Laki-Laki,39,35-44,Married,28492108,15-50Jt,S3,Medan,Priority,2,15,85117094
927704275053307,Perempuan,53,45-59,Married,9469723,5-15Jt,S1,Bandung,Reguler,1,18,75137293
700385238817595,Laki-Laki,43,35-44,Single,134127426,>100Jt,D3,Bandung,Priority,1,18,84086105
299779710490796,Laki-Laki,31,25-34,Divorce,38534839,15-50Jt,D3,Surabaya,Private,3,32,183562812
973337310067720,Laki-Laki,47,45-59,Married,91782879,50-100Jt,SMA,Jakarta,Private,3,48,245104541
929251870999819,Laki-Laki,64,>=60,Single,142094600,>100Jt,S1,Medan,Priority,1,15,80402257
814338131368276,Perempuan,67,>=60,Divorce,34981908,15-50Jt,S3,Medan,Private,1,21,100189422
582308403064803,Perempuan,66,>=60,Divorce,4003171,<5Jt,S3,Makassar,Private,3,52,260100098
664599279583636,Perempuan,28,25-34,Single,108265027,>100Jt,S2,Jakarta,Priority,3,59,295988050
461107668688564,Laki-Laki,24,<25,Divorce,199257135,>100Jt,S2,Jakarta,Private,1,12,57333461
262526931260400,Laki-Laki,20,<25,Single,16721794,15-50Jt,D3,Bandung,Reguler,3,35,198164695
972542840415577,Laki-Laki,61,>=60,Single,102463911,>100Jt,S1,Jakarta,Reguler,2,29,133420880
427336234194695,Perempuan,20,<25,Married,50719804,50-100Jt,S1,Bandung,Reguler,3,36,185608263
524016341420188,Perempuan,63,>=60,Single,146397007,>100Jt,SMA,Medan,Private,3,45,207111862
896527733557053,Laki-Laki,62,>=60,Divorce,166679232,>100Jt,S3,Makassar,Reguler,2,36,179482385
821762939803787,Perempuan,59,45-59,Single,133012703,>100Jt,S2,Medan,Reguler,1,20,102317734
116710344680070,Perempuan,69,>=60,Single,112981072,>100Jt,D3,Bandung,Priority,1,13,73447947
583468366079321,Laki-Laki,39,35-44,Divorce,35672748,15-50Jt,S2,Bandung,Priority,1,24,119254172
945272751627221,Laki-Laki,44,35-44,Married,108419272,>100Jt,SMA,Makassar,Priority,1,14,77942633
364696258429432,Laki-Laki,66,>=60,Divorce,65468785,50-100Jt,SMA,Medan,Private,2,29,156507342
338284107369872,Perempuan,60,>=60,Divorce,165311055,>100Jt,S3,Jakarta,Private,3,42,217815439
447509577602670,Perempuan,68,>=60,Divorce,3420993,<5Jt,S3,Bandung,Private,2,22,105059437
912133116342709,Laki-Laki,31,25-34,Divorce,8907726,5-15Jt,SMA,Jakarta,Priority,1,3,12878308
632411623437971,Laki-Laki,19,<25,Married,6835598,5-15Jt,SMA,Jakarta,Private,3,33,148426299
808239861668364,Perempuan,31,25-34,Single,185461302,>100Jt,S3,Surabaya,Private,2,26,134353263
981059024159598,Perempuan,40,35-44,Single,84242298,50-100Jt,S3,Surabaya,Priority,3,37,207547165
820088116490282,Perempuan,19,<25,Married,82238576,50-100Jt,S3,Jakarta,Priority,2,34,159406325
896338880687150,Laki-Laki,65,>=60,Divorce,167950092,>100Jt,S2,Jakarta,Reguler,1,15,90938797
593155884927033,Perempuan,49,45-59,Married,141741263,>100Jt,D3,Surabaya,Private,1,10,40272636
408840176154476,Laki-Laki,64,>=60,Divorce,76283807,50-100Jt,S1,Medan,Priority,3,38,209938945
290805740918628,Perempuan,41,35-44,Married,181914681,>100Jt,SMA,Medan,Private,1,14,84890937
924473952125779,Laki-Laki,48,45-59,Divorce,29150956,15-50Jt,D3,Jakarta,Private,3,42,193084008
533975610142122,Perempuan,52,45-59,Married,42839283,15-50Jt,D3,Medan,Priority,1,17,66739056
318439664921305,Perempuan,22,<25,Divorce,134525105,>100Jt,S3,Makassar,Private,2,20,125589197
371480386257956,Perempuan,46,45-59,Married,194533673,>100Jt,S1,Medan,Priority,2,21,94727991
596791097150367,Perempuan,67,>=60,Single,43956756,15-50Jt,SMA,Jakarta,Priority,1,3,11442894
335868148427330,Laki-Laki,21,<25,Married,166325585,>100Jt,S3,Medan,Priority,3,39,204523135
291049824817324,Perempuan,41,35-44,Married,82601871,50-100Jt,D3,Surabaya,Private,3,49,261960802
934972887034581,Perempuan,39,35-44,Married,148763809,>100Jt,S2,Jakarta,Private,1,11,58579768
902463218263182,Laki-Laki,60,>=60,Divorce,137163293,>100Jt,SMA,Medan,Reguler,1,4,12199796
833938869321865,Laki-Laki,58,45-59,Divorce,97797607,50-100Jt,D3,Medan,Priority,2,39,192373100
364266710355591,Laki-Laki,65,>=60,Single,186644688,>100Jt,S3,Surabaya,Private,1,19,108425922
280825471646531,Laki-Laki,64,>=60,Single,116652453,>100Jt,S2,Makassar,Priority,2,28,137635828
332124278210144,Perempuan,32,25-34,Married,69329075,50-100Jt,D3,Surabaya,Private,1,19,89106330
895909303166067,Perempuan,64,>=60,Married,82232916,50-100Jt,SMA,Makassar,Priority,2,24,119811474
573600017247252,Perempuan,25,25-34,Single,182301837,>100Jt,S1,Jakarta,Priority,3,54,248467821
601431782085799,Laki-Laki,47,45-59,Married,62445827,50-100Jt,SMA,Bandung,Reguler,1,20,85863138
398282071442474,Perempuan,24,<25,Married,147414622,>100Jt,D3,Surabaya,Reguler,1,23,100794381
548986293809805,Perempuan,64,>=60,Married,13698216,5-15Jt,S1,Bandung,Priority,1,4,25724152
610561010606793,Perempuan,33,25-34,Single,145492165,>100Jt,SMA,Makassar,Priority,2,9,50352296
722727547276951,Perempuan,21,<25,Single,28435339,15-50Jt,SMA,Medan,Private,1,16,75536772
876525714156733,Perempuan,68,>=60,Single,125869731,>100Jt,S1,Medan,Reguler,3,48,249034061
285986909923143,Laki-Laki,40,35-44,Married,111229287,>100Jt,S2,Surabaya,Priority,3,46,260692269
188524928991832,Laki-Laki,41,35-44,Divorce,182861125,>100Jt,S1,Makassar,Private,2,29,152155327
941673928506931,Laki-Laki,46,45-59,Divorce,60675376,50-100Jt,SMA,Bandung,Reguler,2,6,29256543
227099298654615,Laki-Laki,61,>=60,Married,164858205,>100Jt,S2,Bandung,Private,1,17,79401099
499886760762138,Perempuan,42,35-44,Married,31658787,15-50Jt,S1,Surabaya,Private,2,16,83145715
780139103889684,Laki-Laki,25,25-34,Single,99878917,50-100Jt,D3,Makassar,Reguler,2,24,136279010
591982655173504,Laki-Laki,60,>=60,Divorce,42683871,15-50Jt,S2,Jakarta,Private,3,50,227319326
117183353279420,Laki-Laki,35,35-44,Single,179615186,>100Jt,SMA,Bandung,Priority,1,7,33208135
269153889941425,Laki-Laki,38,35-44,Married,14654304,5-15Jt,D3,Makassar,Priority,3,21,120686130
710753853085140,Laki-Laki,27,25-34,Divorce,78543474,50-100Jt,D3,Surabaya,Private,3,28,143048005
671754620287872,Perempuan,31,25-34,Single,78013292,50-100Jt,S2,Bandung,Reguler,1,11,36156355
780440331473764,Laki-Laki,57,45-59,Divorce,62245261,50-100Jt,D3,Jakarta,Reguler,2,16,89379795
531156032465622,Laki-Laki,64,>=60,Single,117153419,>100Jt,D3,Bandung,Reguler,1,23,111833695
201037929336372,Perempuan,53,45-59,Married,78495233,50-100Jt,S1,Medan,Private,3,38,185419371
647757396658176,Laki-Laki,32,25-34,Divorce,116582638,>100Jt,S3,Jakarta,Private,2,28,148271387
174132554364869,Laki-Laki,63,>=60,Single,109463841,>100Jt,S2,Surabaya,Priority,3,63,291997299
270787825594253,Laki-Laki,63,>=60,Single,120887756,>100Jt,S2,Jakarta,Reguler,2,39,173635016
523081636113591,Perempuan,31,25-34,Divorce,182028108,>100Jt,S3,Medan,Reguler,3,31,163064537
815624319646447,Perempuan,53,45-59,Single,80344057,50-100Jt,S3,Surabaya,Reguler,2,9,45790055
745372178776601,Perempuan,22,<25,Single,193584594,>100Jt,S1,Jakarta,Private,3,20,92855856
253662136573566,Laki-Laki,58,45-59,Divorce,187570629,>100Jt,S1,Bandung,Private,1,2,5256928
914875587495348,Perempuan,62,>=60,Single,176084630,>100Jt,S2,Surabaya,Reguler,3,37,172294951
692557696468637,Perempuan,58,45-59,Single,120956921,>100Jt,SMA,Bandung,Reguler,2,11,49260494
438582199388253,Laki-Laki,48,45-59,Single,180844291,>100Jt,SMA,Makassar,Priority,2,45,213075708
718247380911728,Laki-Laki,56,45-59,Single,6815144,5-15Jt,D3,Makassar,Priority,1,11,38600094
580557595733872,Laki-Laki,59,45-59,Divorce,136786784,>100Jt,D3,Surabaya,Private,2,27,146883083
963990691505082,Laki-Laki,55,45-59,Single,51495982,50-100Jt,D3,Jakarta,Reguler,1,7,20205466
386121767170681,Laki-Laki,43,35-44,Married,120911041,>100Jt,D3,Jakarta,Reguler,1,14,69596031
641913443570297,Laki-Laki,69,>=60,Single,174924083,>100Jt,S3,Jakarta,Reguler,2,23,112413664
991738358439257,Laki-Laki,63,>=60,Single,45955157,15-50Jt,S2,Medan,Private,2,41,207719037
694550441017055,Laki-Laki,42,35-44,Married,70873129,50-100Jt,D3,Surabaya,Reguler,3,24,109774874
473233051888708,Perempuan,57,45-59,Single,102548437,>100Jt,S3,Medan,Reguler,2,27,154416281
299888050737056,Laki-Laki,51,45-59,Single,174004612,>100Jt,S1,Jakarta,Reguler,2,36,176841175
605933758493855,Perempuan,67,>=60,Married,135120018,>100Jt,D3,Surabaya,Priority,3,55,282208076
161836776874579,Perempuan,44,35-44,Divorce,43483087,15-50Jt,S1,Bandung,Priority,2,33,162133452
578103888601613,Laki-Laki,46,45-59,Married,74264168,50-100Jt,S2,Bandung,Priority,3,36,191627098
152329241277043,Laki-Laki,37,35-44,Single,71802303,50-100Jt,S2,Bandung,Priority,2,23,122323598
345000408394188,Perempuan,65,>=60,Married,33016158,15-50Jt,SMA,Medan,Reguler,2,17,93937233
759156122072455,Perempuan,37,35-44,Married,129695303,>100Jt,S1,Surabaya,Reguler,2,33,158047284
147996242057613,Perempuan,45,45-59,Divorce,175239383,>100Jt,SMA,Jakarta,Private,2,23,94641034
962217689054050,Perempuan,24,<25,Married,140318309,>100Jt,D3,Jakarta,Reguler,3,30,141922790
305794359644696,Laki-Laki,42,35-44,Single,18393675,15-50Jt,S1,Medan,Reguler,2,26,132338760
469288571448617,Perempuan,25,25-34,Married,57915906,50-100Jt,S2,Bandung,Private,3,45,223701751
497965735092977,Laki-Laki,50,45-59,Divorce,141297169,>100Jt,S1,Jakarta,Priority,1,15,56451042
402005754785811,Laki-Laki,21,<25,Single,107541659,>100Jt,D3,Surabaya,Reguler,3,17,97730408
763392449456562,Laki-Laki,67,>=60,Single,110583175,>100Jt,S1,Surabaya,Reguler,1,13,82687706
205311282625065,Perempuan,51,45-59,Single,97299299,50-100Jt,S3,Bandung,Reguler,2,31,157732273
765142479346938,Perempuan,31,25-34,Married,199733814,>100Jt,S2,Medan,Reguler,1,3,21297855
265332091407661,Perempuan,34,25-34,Single,136082837,>100Jt,SMA,Makassar,Reguler,1,20,106325317
406336375248160,Laki-Laki,21,<25,Married,20848408,15-50Jt,S2,Jakarta,Reguler,2,24,112279968
878990411602069,Laki-Laki,31,25-34,Married,113675058,>100Jt,S1,Surabaya,Private,1,9,44142907
817180975668475,Laki-Laki,66,>=60,Married,88711044,50-100Jt,S2,Jakarta,Reguler,3,39,189065294
960004565411155,Laki-Laki,36,35-44,Divorce,188974321,>100Jt,S2,Bandung,Reguler,2,20,107574848
894326198405886,Laki-Laki,68,>=60,Divorce,111393598,>100Jt,S3,Bandung,Private,3,50,250244008
903659419158158,Perempuan,46,45-59,Married,72056627,50-100Jt,D3,Bandung,Priority,3,38,205492085
685458536065237,Laki-Laki,59,45-59,Married,144970070,>100Jt,D3,Makassar,Priority,1,2,1765089
548776472546331,Perempuan,28,25-34,Single,27192961,15-50Jt,S1,Jakarta,Reguler,3,40,204350652
848173988774658,Perempuan,43,35-44,Single,146311692,>100Jt,S2,Surabaya,Private,1,18,117061010
402324996820073,Perempuan,57,45-59,Divorce,194043666,>100Jt,S1,Medan,Reguler,3,34,175988334
588049279449351,Perempuan,46,45-59,Married,11552442,5-15Jt,S3,Jakarta,Private,3,24,97582110
810478112349730,Perempuan,47,45-59,Married,128124159,>100Jt,S3,Bandung,Priority,2,23,113035534
181731999557441,Perempuan,67,>=60,Divorce,25074556,15-50Jt,S3,Surabaya,Private,1,22,124866287
606872649698626,Laki-Laki,50,45-59,Single,154673785,>100Jt,SMA,Jakarta,Priority,1,12,61332397
814111879308832,Laki-Laki,69,>=60,Single,168480768,>100Jt,S3,Makassar,Reguler,2,20,62974233
851379200652405,Perempuan,24,<25,Divorce,96790197,50-100Jt,S1,Makassar,Private,3,41,217768674
634186617912382,Perempuan,50,45-59,Divorce,24827621,15-50Jt,D3,Bandung,Priority,2,28,146267565
926807784774646,Laki-Laki,47,45-59,Single,199128648,>100Jt,S2,Surabaya,Private,2,27,129586827
416490717238902,Laki-Laki,20,<25,Married,83443169,50-100Jt,D3,Medan,Private,3,30,166031158
826635007983621,Perempuan,22,<25,Single,123042864,>100Jt,S1,Medan,Priority,3,31,160175349
319963164913452,Laki-Laki,21,<25,Divorce,23521013,15-50Jt,SMA,Surabaya,Priority,3,17,83896183
249030281784830,Laki-Laki,24,<25,Married,178755983,>100Jt,S3,Medan,Priority,2,25,125592126
634512659057152,Laki-Laki,44,35-44,Single,20984955,15-50Jt,S1,Surabaya,Private,1,24,115770125
161797481584065,Perempuan,51,45-59,Married,168457588,>100Jt,D3,Medan,Private,2,34,190528342
392694422969217,Perempuan,51,45-59,Divorce,148633104,>100Jt,S1,Bandung,Reguler,2,9,47774723
647392550891547,Laki-Laki,51,45-59,Married,78810388,50-100Jt,SMA,Bandung,Reguler,1,16,69431803
587176980912988,Laki-Laki,59,45-59,Single,146833482,>100Jt,S3,Bandung,Priority,2,17,81465467
879920094646668,Laki-Laki,20,<25,Divorce,185944626,>100Jt,D3,Jakarta,Private,3,35,173767213
266495487166464,Laki-Laki,69,>=60,Single,93029323,50-100Jt,S3,Surabaya,Priority,1,2,11138364
765835129593620,Perempuan,42,35-44,Single,98298192,50-100Jt,S3,Surabaya,Priority,1,5,30699188
720004815084629,Laki-Laki,67,>=60,Single,6033349,5-15Jt,D3,Makassar,Priority,2,42,197304281
299405224843939,Laki-Laki,29,25-34,Divorce,66569689,50-100Jt,SMA,Makassar,Reguler,3,60,278338280
492399788865170,Perempuan,17,<25,Married,112349890,>100Jt,SMA,Jakarta,Priority,1,12,50705853
111568307729179,Laki-Laki,67,>=60,Married,144996476,>100Jt,S2,Jakarta,Priority,2,26,126166084
973946172036651,Laki-Laki,51,45-59,Divorce,94351453,50-100Jt,S3,Bandung,Private,2,20,109896455
389937915683013,Perempuan,25,25-34,Divorce,71709584,50-100Jt,SMA,Medan,Reguler,2,29,145919067
710087468018447,Laki-Laki,59,45-59,Divorce,182406473,>100Jt,D3,Jakarta,Priority,1,10,36754212
192115858055525,Laki-Laki,44,35-44,Divorce,183092582,>100Jt,S1,Medan,Private,1,7,18213480
843800324051130,Laki-Laki,37,35-44,Divorce,104526959,>100Jt,S2,Surabaya,Priority,2,40,204130879
293729974817452,Laki-Laki,27,25-34,Married,39657073,15-50Jt,S1,Medan,Priority,2,24,122255344
873747401403380,Laki-Laki,34,25-34,Single,178899285,>100Jt,S1,Medan,Priority,3,28,146212803
549598705517067,Laki-Laki,60,>=60,Divorce,102797410,>100Jt,S2,Makassar,Reguler,3,27,122359710
995256988332912,Laki-Laki,51,45-59,Married,180411724,>100Jt,D3,Medan,Reguler,1,12,45109935
859482684537233,Perempuan,38,35-44,Single,89621344,50-100Jt,S2,Bandung,Private,3,19,110696192
743600394972205,Perempuan,33,25-34,Single,25919530,15-50Jt,S2,Makassar,Priority,3,18,110990786
743314507058524,Laki-Laki,26,25-34,Married,43365237,15-50Jt,S3,Medan,Reguler,2,21,100950886
666447293448537,Perempuan,53,45-59,Single,14047100,5-15Jt,S1,Bandung,Priority,3,47,229994307
185740716611411,Perempuan,50,45-59,Married,24588887,15-50Jt,SMA,Bandung,Priority,3,37,163600694
521408819477603,Perempuan,36,35-44,Married,151009977,>100Jt,S1,Surabaya,Priority,2,26,121964697
384341161546100,Laki-Laki,58,45-59,Married,161733810,>100Jt,D3,Makassar,Private,3,42,239038988
919093417959362,Laki-Laki,17,<25,Single,6325315,5-15Jt,S3,Surabaya,Private,2,39,179885234
985273134789223,Laki-Laki,43,35-44,Divorce,24006444,15-50Jt,D3,Makassar,Reguler,1,1,205292
932469736938749,Laki-Laki,50,45-59,Single,88079011,50-100Jt,S1,Medan,Priority,1,4,23414010
564283194891657,Perempuan,58,45-59,Married,139330096,>100Jt,D3,Medan,Priority,3,16,83791315
744968175175824,Perempuan,34,25-34,Single,142008892,>100Jt,SMA,Medan,Reguler,3,18,74435283
500566975709882,Laki-Laki,17,<25,Single,93936006,50-100Jt,S2,Makassar,Reguler,3,39,184119076
584160211643764,Perempuan,68,>=60,Married,195653386,>100Jt,S1,Bandung,Private,3,35,181259611
185170277205013,Perempuan,37,35-44,Single,5253722,5-15Jt,SMA,Medan,Priority,2,23,128251447
116376425508216,Laki-Laki,31,25-34,Divorce,3131936,<5Jt,SMA,Medan,Private,3,32,173341555
446276577171599,Perempuan,40,35-44,Divorce,169104675,>100Jt,SMA,Bandung,Private,3,59,276751002
106624669619373,Perempuan,57,45-59,Divorce,149136257,>100Jt,SMA,Bandung,Private,2,34,154578456
584713852373858,Laki-Laki,49,45-59,Married,182391199,>100Jt,S3,Bandung,Priority,1,6,25492289
103635840297674,Laki-Laki,63,>=60,Married,15194329,15-50Jt,S1,Jakarta,Priority,1,20,119468402
177382583920744,Perempuan,45,45-59,Married,23589226,15-50Jt,S1,Jakarta,Private,2,13,63795999
337913857793873,Perempuan,28,25-34,Divorce,56005353,50-100Jt,S1,Jakarta,Reguler,2,34,178045277
765731242786893,Perempuan,61,>=60,Divorce,50582023,50-100Jt,S3,Bandung,Reguler,3,36,176351938
574637580476450,Laki-Laki,65,>=60,Divorce,57706505,50-100Jt,S2,Surabaya,Private,1,3,18650374
235512517887480,Perempuan,52,45-59,Single,106316389,>100Jt,SMA,Bandung,Private,2,35,146438985
208883371186780,Perempuan,29,25-34,Divorce,125610592,>100Jt,S2,Jakarta,Priority,1,20,109179879
818465049185974,Perempuan,65,>=60,Married,185475315,>100Jt,SMA,Jakarta,Priority,3,17,81208982
415592421093287,Perempuan,48,45-59,Single,159227595,>100Jt,D3,Jakarta,Priority,2,14,54366226
455812842695564,Laki-Laki,23,<25,Married,35105736,15-50Jt,D3,Jakarta,Private,1,8,27678161
263649188602588,Perempuan,67,>=60,Married,182722030,>100Jt,S2,Jakarta,Reguler,3,59,282809238
261081355536138,Laki-Laki,32,25-34,Married,198206099,>100Jt,S2,Surabaya,Priority,1,17,55190693
660596198623931,Perempuan,64,>=60,Married,79989724,50-100Jt,SMA,Makassar,Private,1,16,57912418
858622357802945,Laki-Laki,35,35-44,Single,199484277,>100Jt,D3,Surabaya,Reguler,2,34,201155875
926614095029467,Laki-Laki,53,45-59,Divorce,9299492,5-15Jt,S2,Bandung,Reguler,3,33,162974257
214443904980729,Perempuan,33,25-34,Divorce,187789155,>100Jt,S3,Bandung,Private,1,5,32377751
290107737254077,Laki-Laki,41,35-44,Single,37932801,15-50Jt,SMA,Medan,Reguler,2,39,193050518
532831073544804,Perempuan,55,45-59,Married,32609865,15-50Jt,D3,Bandung,Priority,2,18,92953893
187230052047674,Laki-Laki,68,>=60,Married,160535124,>100Jt,S2,Makassar,Private,1,17,91328302
811488797573097,Laki-Laki,22,<25,Married,150827297,>100Jt,S3,Bandung,Priority,2,23,141417442
101011071887281,Perempuan,61,>=60,Single,51815958,50-100Jt,SMA,Medan,Priority,1,5,23442896
338842531772985,Perempuan,50,45-59,Single,101175525,>100Jt,S1,Surabaya,Priority,2,16,99279595
148940550786532,Laki-Laki,69,>=60,Divorce,67504149,50-100Jt,S1,Bandung,Reguler,1,9,45794027
916489892108950,Perempuan,21,<25,Divorce,114485907,>100Jt,SMA,Jakarta,Private,3,23,93669742
814437559379739,Laki-Laki,67,>=60,Single,195892575,>100Jt,S1,Medan,Reguler,3,21,87552305
707954818298935,Laki-Laki,60,>=60,Married,80859932,50-100Jt,D3,Bandung,Reguler,3,42,208250665
442599259487781,Laki-Laki,48,45-59,Married,187675578,>100Jt,S1,Surabaya,Private,1,17,80434059
947795829501031,Laki-Laki,37,35-44,Divorce,78912072,50-100Jt,D3,Bandung,Priority,3,33,163969502
341592856328099,Perempuan,55,45-59,Divorce,17578363,15-50Jt,D3,Bandung,Private,3,23,132956866
640021427197836,Perempuan,42,35-44,Married,166104474,>100Jt,SMA,Surabaya,Private,3,27,121533541
498518644765644,Perempuan,65,>=60,Divorce,41090551,15-50Jt,S2,Surabaya,Reguler,1,5,33640519
104367814975165,Perempuan,32,25-34,Married,103018552,>100Jt,S2,Makassar,Reguler,2,36,189246233
955125096622692,Laki-Laki,68,>=60,Single,54689101,50-100Jt,SMA,Surabaya,Priority,2,32,158331355
264983843583118,Laki-Laki,68,>=60,Divorce,171761496,>100Jt,S3,Medan,Priority,3,48,287718927
413496840441774,Perempuan,20,<25,Single,80076110,50-100Jt,S2,Medan,Priority,1,19,77742047
567894658879499,Laki-Laki,28,25-34,Divorce,24847630,15-50Jt,D3,Makassar,Priority,2,24,127717306
864638996071128,Laki-Laki,28,25-34,Married,95184932,50-100Jt,D3,Bandung,Priority,1,22,92111534
865684211154811,Perempuan,57,45-59,Single,165022061,>100Jt,SMA,Medan,Reguler,3,54,252669307
597211046437099,Perempuan,42,35-44,Divorce,87805214,50-100Jt,S3,Surabaya,Priority,1,11,53755957
719286278333310,Laki-Laki,41,35-44,Married,34079502,15-50Jt,S3,Surabaya,Priority,1,18,76638739
255423135479902,Perempuan,48,45-59,Married,55177348,50-100Jt,S1,Medan,Priority,2,9,44249346
216789238039590,Perempuan,20,<25,Divorce,169798185,>100Jt,S2,Makassar,Reguler,3,36,168787917
440330960632857,Perempuan,30,25-34,Single,145172957,>100Jt,S2,Makassar,Reguler,2,21,100991613
769542530124318,Perempuan,42,35-44,Single,122594060,>100Jt,S1,Surabaya,Private,2,29,128895042
329409024826848,Perempuan,35,35-44,Married,24688293,15-50Jt,S3,Surabaya,Priority,3,36,196824465
886648958869089,Laki-Laki,23,<25,Married,189455415,>100Jt,S3,Makassar,Priority,2,18,97898940
587775550622752,Perempuan,20,<25,Divorce,92567715,50-100Jt,S2,Jakarta,Priority,1,10,62835716
592856154308440,Perempuan,65,>=60,Divorce,46951994,15-50Jt,D3,Jakarta,Private,1,4,25402718
786185480395004,Laki-Laki,62,>=60,Divorce,147887163,>100Jt,D3,Makassar,Reguler,1,18,112568458
230164260487430,Laki-Laki,22,<25,Married,20503547,15-50Jt,SMA,Bandung,Priority,3,47,222158863
809049242364910,Perempuan,61,>=60,Single,65779882,50-100Jt,S3,Surabaya,Private,2,44,189287484
823761281591370,Perempuan,32,25-34,Divorce,47772085,15-50Jt,S3,Bandung,Reguler,3,41,203485424
221340316718137,Laki-Laki,64,>=60,Married,135840025,>100Jt,SMA,Surabaya,Priority,3,30,146994820
415779450641039,Laki-Laki,45,45-59,Married,194302384,>100Jt,S3,Medan,Reguler,3,42,186483044
816942161261759,Laki-Laki,48,45-59,Divorce,97455633,50-100Jt,S1,Makassar,Priority,3,36,180180126
